ParentName,Name,LongTitle,Description,ConsumerLongTitle,ConsumerDescription,CategoryType,TipsChecklist,TopicIcon,TopicFact1Text,TopicFact1Image,TopicFact1Citation,TopicFact2Text,TopicFact2Image,TopicFact2Citation,TopicFact3Text,TopicFact3Image,TopicFact3Citation
SKIP_ROW,Name-xxx,"LongTitle-VARCHAR_MAXxxxxxxxxxxxxxxxxxxxxxxxxxxxxxxxxxxxxxxxxxx_We use OLE DB driver to import this file.  By default OLE DB uses only the first 8 rows of the .CSV to determine the format of all columns.  So/And if you need a row to have varchar(max) in DB, but none of the 1st 8 rows of the CSV have data for a column > 256 chars, OLE will conclude that the column should default to varchar(256), thus chopping off data for any other rows that do have data for the column > 256 chars.  This row forces OLE to evaluate all columns correctly.",Description-VARCHAR_MAXxxxxxxxxxxxxxxxxxxxxxxxxxxxxxxxxxxxxxxxxxxxxxxxxxxxxxxxxxxxxxxxxxxxxxxxxxxxxxxxxxxxxxxxxxxxxxxxxxxxxxxxxxxxxxxxxxxxxxxxxxxxxxxxxxxxxxxxxxxxxxxxxxxxxxxxxxxxxxxxxxxxxxxxxxxxxxxxxxxxxxxxxxxxxxxxxxxxxxxxxxxxxxxxxxxxxxxxxxxxxxxxxxxxxxxxxxxxxxxxxxxxxxxxxxxxxxxxxxxxxxxxxxxxxxxxxxxxxxxxxxxxxxxxx,ConsumerLongTitle-VARCHAR_MAXxxxxxxxxxxxxxxxxxxxxxxxxxxxxxxxxxxxxxxxxxxxxxxxxxxxxxxxxxxxxxxxxxxxxxxxxxxxxxxxxxxxxxxxxxxxxxxxxxxxxxxxxxxxxxxxxxxxxxxxxxxxxxxxxxxxxxxxxxxxxxxxxxxxxxxxxxxxxxxxxxxxxxxxxxxxxxxxxxxxxxxxxxxxxxxxxxxxxxxxxxxxxxxxxxxxxxxxxxxxxxxxxxxxxxxxxxxxxxxxxxxxxxxxxxxxxxxxxxxxxxxxxxxxxxxxxxxxxxxxxxxxxxxxx,ConsumerDescription-VARCHAR_MAXxxxxxxxxxxxxxxxxxxxxxxxxxxxxxxxxxxxxxxxxxxxxxxxxxxxxxxxxxxxxxxxxxxxxxxxxxxxxxxxxxxxxxxxxxxxxxxxxxxxxxxxxxxxxxxxxxxxxxxxxxxxxxxxxxxxxxxxxxxxxxxxxxxxxxxxxxxxxxxxxxxxxxxxxxxxxxxxxxxxxxxxxxxxxxxxxxxxxxxxxxxxxxxxxxxxxxxxxxxxxxxxxxxxxxxxxxxxxxxxxxxxxxxxxxxxxxxxxxxxxxxxxxxxxxxxxxxxxxxxxxxxxxxxx,CategoryType-xxx,TipsChecklist-VARCHAR_MAXxxxxxxxxxxxxxxxxxxxxxxxxxxxxxxxxxxxxxxxxxxxxxxxxxxxxxxxxxxxxxxxxxxxxxxxxxxxxxxxxxxxxxxxxxxxxxxxxxxxxxxxxxxxxxxxxxxxxxxxxxxxxxxxxxxxxxxxxxxxxxxxxxxxxxxxxxxxxxxxxxxxxxxxxxxxxxxxxxxxxxxxxxxxxxxxxxxxxxxxxxxxxxxxxxxxxxxxxxxxxxxxxxxxxxxxxxxxxxxxxxxxxxxxxxxxxxxxxxxxxxxxxxxxxxxxxxxxxxxxxxxxxxxxx,TopicIcon-xxx,TopicFact1Text-VARCHAR_MAXxxxxxxxxxxxxxxxxxxxxxxxxxxxxxxxxxxxxxxxxxxxxxxxxxxxxxxxxxxxxxxxxxxxxxxxxxxxxxxxxxxxxxxxxxxxxxxxxxxxxxxxxxxxxxxxxxxxxxxxxxxxxxxxxxxxxxxxxxxxxxxxxxxxxxxxxxxxxxxxxxxxxxxxxxxxxxxxxxxxxxxxxxxxxxxxxxxxxxxxxxxxxxxxxxxxxxxxxxxxxxxxxxxxxxxxxxxxxxxxxxxxxxxxxxxxxxxxxxxxxxxxxxxxxxxxxxxxxxxxxxxxxxxxx,TopicFact1Image-xxx,TopicFact1Citation-VARCHAR_MAXxxxxxxxxxxxxxxxxxxxxxxxxxxxxxxxxxxxxxxxxxxxxxxxxxxxxxxxxxxxxxxxxxxxxxxxxxxxxxxxxxxxxxxxxxxxxxxxxxxxxxxxxxxxxxxxxxxxxxxxxxxxxxxxxxxxxxxxxxxxxxxxxxxxxxxxxxxxxxxxxxxxxxxxxxxxxxxxxxxxxxxxxxxxxxxxxxxxxxxxxxxxxxxxxxxxxxxxxxxxxxxxxxxxxxxxxxxxxxxxxxxxxxxxxxxxxxxxxxxxxxxxxxxxxxxxxxxxxxxxxxxxxxxxx,TopicFact2Text-VARCHAR_MAXxxxxxxxxxxxxxxxxxxxxxxxxxxxxxxxxxxxxxxxxxxxxxxxxxxxxxxxxxxxxxxxxxxxxxxxxxxxxxxxxxxxxxxxxxxxxxxxxxxxxxxxxxxxxxxxxxxxxxxxxxxxxxxxxxxxxxxxxxxxxxxxxxxxxxxxxxxxxxxxxxxxxxxxxxxxxxxxxxxxxxxxxxxxxxxxxxxxxxxxxxxxxxxxxxxxxxxxxxxxxxxxxxxxxxxxxxxxxxxxxxxxxxxxxxxxxxxxxxxxxxxxxxxxxxxxxxxxxxxxxxxxxxxxx,TopicFact2Image-xxx,TopicFact2Citation-VARCHAR_MAXxxxxxxxxxxxxxxxxxxxxxxxxxxxxxxxxxxxxxxxxxxxxxxxxxxxxxxxxxxxxxxxxxxxxxxxxxxxxxxxxxxxxxxxxxxxxxxxxxxxxxxxxxxxxxxxxxxxxxxxxxxxxxxxxxxxxxxxxxxxxxxxxxxxxxxxxxxxxxxxxxxxxxxxxxxxxxxxxxxxxxxxxxxxxxxxxxxxxxxxxxxxxxxxxxxxxxxxxxxxxxxxxxxxxxxxxxxxxxxxxxxxxxxxxxxxxxxxxxxxxxxxxxxxxxxxxxxxxxxxxxxxxxxxx,TopicFact3Text-VARCHAR_MAXxxxxxxxxxxxxxxxxxxxxxxxxxxxxxxxxxxxxxxxxxxxxxxxxxxxxxxxxxxxxxxxxxxxxxxxxxxxxxxxxxxxxxxxxxxxxxxxxxxxxxxxxxxxxxxxxxxxxxxxxxxxxxxxxxxxxxxxxxxxxxxxxxxxxxxxxxxxxxxxxxxxxxxxxxxxxxxxxxxxxxxxxxxxxxxxxxxxxxxxxxxxxxxxxxxxxxxxxxxxxxxxxxxxxxxxxxxxxxxxxxxxxxxxxxxxxxxxxxxxxxxxxxxxxxxxxxxxxxxxxxxxxxxxx,TopicFact3Image-xxx,TopicFact3Citation-VARCHAR_MAXxxxxxxxxxxxxxxxxxxxxxxxxxxxxxxxxxxxxxxxxxxxxxxxxxxxxxxxxxxxxxxxxxxxxxxxxxxxxxxxxxxxxxxxxxxxxxxxxxxxxxxxxxxxxxxxxxxxxxxxxxxxxxxxxxxxxxxxxxxxxxxxxxxxxxxxxxxxxxxxxxxxxxxxxxxxxxxxxxxxxxxxxxxxxxxxxxxxxxxxxxxxxxxxxxxxxxxxxxxxxxxxxxxxxxxxxxxxxxxxxxxxxxxxxxxxxxxxxxxxxxxxxxxxxxxxxxxxxxxxxxxxxxxxx
Health Care Cost and Quality,Heart Surgeries and Procedures,"This table shows information about how well hospitals perform on Heart Surgeries and Procedures for three topics:  (1) hospital quality, shown by how often patients die in the hospital after getting this surgery; (2) hospital cost, shown by the dollars the hospital usually spends on this surgery; and (3) how many surgeries are performed each year.",,"This table shows information about how well hospitals perform on Heart Surgeries and Procedures for three topics:  (1) hospital quality, shown by how often patients die in the hospital after getting this surgery; (2) hospital cost, shown by the dollars the hospital usually spends on this surgery; and (3) how many surgeries are performed each year.",,,,,,,,,,,,,
Health Care Cost and Quality,Hip replacement surgery,"This table shows information about how well hospitals perform on hip replacement surgery for three topics:  (1) hospital quality, shown by how often patients die in the hospital after getting this surgery; (2) hospital cost, shown by the dollars the hospital usually spends on this surgery; and (3) how many surgeries are performed each year.",,"This table shows information about how well hospitals perform on hip replacement surgery for three topics:  (1) hospital quality, shown by how often patients die in the hospital after getting this surgery; (2) hospital cost, shown by the dollars the hospital usually spends on this surgery; and (3) how many surgeries are performed each year.",,,,,,,,,,,,,
Heart surgeries and procedures,,,Ratings about surgeries and procedures related to the heart such as angioplasty and coronary bypass surgery.,,"In heart disease, the arteries that connect to the heart become clogged. The most common heart surgery is coronary artery bypass grafting (CABG). Surgeons use a healthy artery from the body to restore blood supply to the heart. In another procedure called angioplasty, the blocked artery is widened to improve blood flow.",Topic,"<div class='infographic__tip'><img class='tip__icon' src='themes/consumer/assets/infographic/facts-tips/HeartSurgery_Tip1.png'><p>Before leaving the hospital, ask your doctor how to care for your surgical incisions, recognize signs of infection or other problems, and deal with the after-effects of surgery. </p><p class='tip__source'><a href=""http://www.nhlbi.nih.gov/health/health-topics/topics/hs/after"" target=""_blank""></a> </p></div><div class='infographic__tip'><img class='tip__icon' src='themes/consumer/assets/infographic/facts-tips/HeartSurgery_Tip2.png'><p>Ask for information about follow-up appointments, medicines, and situations when you should call your doctor right away.</p><p class='tip__source'><a href=""http://www.nhlbi.nih.gov/health/health-topics/topics/hs/after"" target=""_blank""></a> </p></div><div class='infographic__tip'><img class='tip__icon' src='themes/consumer/assets/infographic/facts-tips/HeartSurgery_Tip3.png'><p>Ask your doctor if cardiac rehab could help improve your health and well-being.
Cardiac rehab includes exercise training, education on heart healthy living, and counseling to reduce stress and help you recover. Your doctor can help you find a nearby cardiac rehab program.
</p><p class='tip__source'><a href=""http://www.nhlbi.nih.gov/health/health-topics/topics/hs/after"" target=""_blank""></a> </p></div>",topics/heart-surgeries.png,Surgeries using smaller cuts or newer techniques (such as laparoscopic surgery) may reduce risks and speed up recovery time. ,themes/consumer/assets/infographic/facts-tips/HeartSurgery_Fact1.png,"<a href=""http://www.nhlbi.nih.gov/health/health-topics/topics/hs"" target=""_blank"">What Is Heart Surgery? - NHLBI, NIH</a>","After heart surgery, you may spend a day or more in the hospital's intensive care unit (ICU). When you leave the ICU, you will be moved to another room until you are ready to go home. Doctors and nurses will closely watch your heart rate, blood pressure, breathing, and incisions.",themes/consumer/assets/infographic/facts-tips/HeartSurgery_Fact2.png," <a href=""http://www.nhlbi.nih.gov/health/health-topics/topics/hs/after"" target=""_blank"">What To Expect After Heart Surgery - NHLBI, NIH</a>",,,
Patient safety,,,"Ratings about how safe the hospital is for any type of patient.  Many medical complications can be avoided if patients receive the right care in the hospital.<ul><li>Hospital quality ratings for results of surgical and nonsurgical care are provided.  These results can occur in either surgical or nonsurgical cases.</li><li><u>Recommended Care:</u> Information on how many patients got the care they needed such as the right medicine, surgery, or advice.</li><li><u>Results of care:</u> Information on what happened to patients while being cared for in the hospital or after leaving the hospital. </li></ul>",,"Medical errors can occur anywhere in the health care system: in hospitals, clinics, surgery centers, doctors' offices, nursing homes, pharmacies, and patients' homes. Errors can involve medicines, surgery, diagnosis, equipment, or lab reports.",,"<div class='infographic__tip'><img class='tip__icon' src='themes/consumer/assets/infographic/facts-tips/PatientSafety_Tip1.png'><p>If possible, choose a hospital where many patients have had the treatment or surgery you need.</p><p class='tip__source'><a href=""http://www.ahrq.gov/patients-consumers/care-planning/errors/20tips/index.html""  target=""_blank""></a> </p></div><div class='infographic__tip'><img class='tip__icon' src='themes/consumer/assets/infographic/facts-tips/PatientSafety_Tip2.png'><p>Ask all health care workers who will touch you if they have washed their hands. Hand washing can prevent the spread of infections in hospitals.</p><p class='tip__source'><a href=""http://www.ahrq.gov/patients-consumers/care-planning/errors/20tips/index.html"" target=""_blank""></a> </p></div><div class='infographic__tip'><img class='tip__icon' src='themes/consumer/assets/infographic/facts-tips/PatientSafety_Tip3.png'><p>Speak up. Talk to your doctor about your questions or worries and ask what they are doing to protect you.</p><p class='tip__source'><a href=""http://www.cdc.gov/HAI/patientSafety/patient-safety.html"" target=""_blank""></a> </p></div>",topics/patient-safety.png,"Health care in the United States is not as safe as it should be--and can be. At least 44,000 people, and perhaps as many as 98,000 people, die in hospitals each year as a result of medical errors that could have been prevented.",themes/consumer/assets/infographic/facts-tips/PatientSafety_Fact1.png,"<a href=""http://www.cdc.gov/HAI/surveillance/index.html"" target=""_blank"">HAI Data and Statistics</a>",About 1 in 25 hospital patients has an infection that they got while receiving treatment at the hospital.,themes/consumer/assets/infographic/facts-tips/PatientSafety_Fact2.png,,,,
Patient safety,Results of care - Deaths,Information on what happened to patients while being cared for in the hospital or after leaving the hospital. These ratings are sometimes called outcome measures.,,Information on what happened to patients while being cared for in the hospital or after leaving the hospital. These ratings are sometimes called outcome measures.,,,,,,,,,,,,,
Patient safety,Results of care - Complications,Information on what happened to patients while being cared for in the hospital or after leaving the hospital. These ratings are sometimes called outcome measures.,,Information on what happened to patients while being cared for in the hospital or after leaving the hospital. These ratings are sometimes called outcome measures.,,,,,,,,,,,,,
Patient survey results,,,"Ratings from the Hospital Consumer Assessment of Healthcare Providers and Systems (HCAHPS, pronounced 'H-caps').  HCAHPS is a national, standardized survey of hospital patients that asks patients about their experiences during a recent hospital stay.",,"Consumer Assessment of Healthcare Providers and Systems (CAHPS) surveys ask patients to rate their experiences with health care. These surveys cover topics that are important to patients, such as the how well doctors communicate and whether services are easy to use.",,"<div class='infographic__tip'><img class='tip__icon' src='themes/consumer/assets/infographic/facts-tips/PatientSurvey_Tip1.png'><p>Ask your doctor questions about your care, like:</p><p>*What is the test for?</p><p>*How many times have you done this procedure?</p><p>*When will I get the results?</p><p>*Why do I need this treatment?</p><p>*Are there any alternatives?</p><p>*What are the possible complications?</p><p>*Which hospital is best for my needs?</p><p>*How do you spell the name of that drug?</p><p>*Are there any side effects?</p><p>*Will this medicine interact with medicines that I'm already taking?</p><p class='tip__source'><a href=""http://www.ahrq.gov/patients-consumers/patient-involvement/ask-your-doctor/index.html"" target=""_blank""></a> </p></div>",topics/patient-survey.png,"Survey results from other patients can help you
*make decisions about health plans and doctors
*start a conversation with a trusted doctor about the report 
*identify things to watch out for when using health care services 
*understand your own care better
*set expectations for what is good care",themes/consumer/assets/infographic/facts-tips/PatientSurvey_Fact1.png,"  <a href=""https://cahps.ahrq.gov/consumer-reporting/talkingquality/create/support/explain.html "" target=""_blank"">Explain How Quality Information Can Be Used | cahps.ahrq.gov</a>",,,,,,
Patient survey results,Communication,"These ratings show how satisfied patients say they are with the way hospital staff communicated with them. Good communication means that hospital staff explained things clearly, listened carefully, and treated patients with courtesy and respect. These ratings are collected from patient surveys.",,"Information about how well patients say hospital staff communicated with them, such as whether staff explained things clearly and listened to them carefully.",,,,,,,,,,,,,
Patient survey results,Environment,"These ratings show how satisfied patients say they are with the physical environment in the hospital. A good physical environment means that patients received help quickly, their pain was well-controlled, and the patient room was clean and quiet. This type of quality rating appears only in the 'Patient survey results' health topic. These ratings are collected from patient surveys.",,"Information about how patients describe the physical environment in the hospital such as whether they received help quickly, their pain was well-controlled, and their rooms were kept clean and quiet.",,,,,,,,,,,,,
Patient survey results,Satisfaction overall,These ratings show how satisfied patients say they are with their recent hospital stay overall. This type of quality rating appears only in the 'Patient survey results' health topic. These ratings are collected from patient surveys.,,Information about how patients rate their recent hospital stay overall and whether they would recommend the hospital to others.,,,,,,,,,,,,,
Avoidable Stays Maps,,,,,,,,,,,,,,,,,
Avoidable Stays Maps,Chronic Lung Conditions,,,,,,,,,,,,,,,,
Avoidable Stays Maps,Summary scores,,,,,,,,,,,,,,,,
Avoidable Stays Maps,Diabetes,,,,,,,,,,,,,,,,
Avoidable Stays Maps,Heart Conditions,,,,,,,,,,,,,,,,
Avoidable Stays Maps,Other Conditions,,,,,,,,,,,,,,,,
Avoidable Stays Maps,Patient Safety,,,,,,,,,,,,,,,,
Avoidable Stays Maps,Procedure Rates,,,,,,,,,,,,,,,,
Child health,,,,,,,,,,,,,,,,,
Child health,Child health,,,,,,,,,,,,,,,,
Childbirth,,,Ratings about care for new mothers and newborns.  It includes information about how often and when C-sections and vaginal births are performed. When both the mother and the newborn do not have injuries after childbirth then good results are achieved. Childbirth practice patterns includes quality ratings on how often and when both C-sections and vaginal births are performed.,,"In general, pregnancy lasts about 40 weeks, or just over 9 months. Mothers and babies are monitored closely during labor. Most women are healthy enough to have a baby through vaginal delivery. If there are problems, the baby may need to be delivered surgically by a Cesarean section (C-section).",Topic,"<div class='infographic__tip'><img class='tip__icon' src='themes/consumer/assets/infographic/facts-tips/Childbirth_Tip1.png'><p>To reduce the risk of preterm birth, get prenatal care as soon as you think you are pregnant. Don't smoke, drink alcohol or use illegal drugs if you think you are pregnant. Get medical care if you see warning signs of preterm labor.</p><p class='tip__source'> <a href=""http://www.cdc.gov/reproductivehealth/maternalinfanthealth/pretermbirth.htm"" target=""_blank""> </a> </p></div><div class='infographic__tip'><img class='tip__icon' src='themes/consumer/assets/infographic/facts-tips/Childbirth_Tip2.png'><p>If you have had a preterm birth before, you should let your doctor know early and discuss interventions that may prevent preterm birth. </p><p class='tip__source'>  <a href=""http://www.cdc.gov/reproductivehealth/maternalinfanthealth/pretermbirth.htm"" target=""_blank""></a> </p></div><div class='infographic__tip'><img class='tip__icon' src='themes/consumer/assets/infographic/facts-tips/Childbirth_Tip3.png'><p>Even if you had a C-section before, do not assume you have to have another. Many women can have vaginal deliveries after having a C-section in the past.</p><p class='tip__source'><a href=""https://www.nlm.nih.gov/medlineplus/ency/patientinstructions/000589.htm"" target=""_blank""></a> </p></div>",topics/childbirth.png,"Babies grow and develop all the way through the final few weeks of pregnancy. To make sure babies are as healthy as possible, delivery should not be scheduled before 39 weeks unless there are medical problems.",themes/consumer/assets/infographic/facts-tips/Childbirth_Fact1.png," <a href=""http://www.cdc.gov/reproductivehealth/maternalinfanthealth/pretermbirth.htm"" target=""_blank"">Preterm Birth | Maternal and Infant Health | Reproductive Health | CDC</a>",Preterm birth is the birth of a baby before 37 weeks of pregnancy. Very preterm birth (before 32 weeks) is the most common reason for infant death and a leading cause of long-term health and developmental problems in children.,themes/consumer/assets/infographic/facts-tips/Childbirth_Fact2.png," <a href=""http://www.cdc.gov/reproductivehealth/maternalinfanthealth/pretermbirth.htm"" target=""_blank"">Preterm Birth | Maternal and Infant Health | Reproductive Health | CDC</a>",,,
Childbirth,Practice patterns,Information on the types of care provided in the hospital. This type of quality rating often shows information about the numbers of surgeries or procedures that a hospital performs.,,Information on the types of care provided in the hospital. This type of quality rating often shows information about the numbers of surgeries or procedures that a hospital performs.,,,,,,,,,,,,,
Childbirth,Results of care,Information on what happened to patients while being cared for in the hospital or after leaving the hospital. These ratings are sometimes called outcome measures.,,Information on what happened to patients while being cared for in the hospital or after leaving the hospital. These ratings are sometimes called outcome measures.,,,,,,,,,,,,,
COPD-Chronic Obstructive Pulmonary Disease,,,"Ratings about chronic obstructive pulmonary disease, or COPD.  COPD is a lung disease that blocks airflow and makes it hard to breathe",,"COPD (chronic obstructive pulmonary disease) makes it hard for you to breathe. Two types of COPD are chronic bronchitis and emphysema. The main cause of COPD is being exposed to substances that irritate the lungs for long periods of time, including cigarette smoke, air pollution, chemical fumes, or dust.",,"<div class='infographic__tip'><img class='tip__icon' src='themes/consumer/assets/infographic/facts-tips/COPD_Tip1.png'><p>You should seek emergency care if you're having any of the following symptoms: you have a hard time catching your breath or talking, your lips or fingernails turn blue or gray, you are not mentally alert, or you have a very fast heartbeat. </p><p class='tip__source'><a href=""http://www.nhlbi.nih.gov/health/health-topics/topics/copd/signs"" target=""_blank""></a> </p></div>",topics/copd.png,"COPD symptoms may include a cough that produces a lot of mucus, shortness of breath, wheezing, and chest tightness.",themes/consumer/assets/infographic/facts-tips/COPD_Fact1.png,"<a href=""http://www.nhlbi.nih.gov/health/health-topics/topics/copd"" target=""_blank"">What Is COPD? - NHLBI, NIH</a>","COPD is a major cause of disability, and the third leading cause of death in the United States. Millions of people are diagnosed with COPD. Many more may have it and not even know it.",themes/consumer/assets/infographic/facts-tips/COPD_Fact2.png,"<a href=""http://www.nhlbi.nih.gov/health/health-topics/topics/copd "" target=""_blank"">What Is COPD? - NHLBI, NIH</a>",,,
COPD-Chronic Obstructive Pulmonary Disease,Results of care,Information on what happened to patients while being cared for in the hospital or after leaving the hospital. These ratings are sometimes called outcome measures.,,Information on what happened to patients while being cared for in the hospital or after leaving the hospital. These ratings are sometimes called outcome measures.,,,,,,,,,,,,,
Emergency department (ED),,,Ratings about how quickly patients receive care in the Emergency Department (ED). Reducing the time patients remain in the emergency department can increase the availability of treatment and improve the care that patients receive.,,"People go to the ED for many reasons, but the ED is not always the best place to seek care. Here are some examples of a medical emergency:
<br>*Bleeding that will not stop
<br>*Difficulty breathing or shortness of breath
<br>*Confusion or difficulty waking up
<br>*Chest pain
<br>*Choking
<br>*Coughing up or vomiting blood
<br>*Fainting or loss of consciousness
<br>*Feeling of committing suicide or murder
<br>*Head or spine injury
<br>*Severe or persistent vomiting
<br>*Sudden injury due to an accident
<br>*Sudden, severe pain anywhere in the body
<br>*Sudden dizziness, weakness, or change in vision
<br>*Swallowing something poisonous 
<br>*Upper stomach pain or pressure
",,"<div class='infographic__tip'><img class='tip__icon' src='themes/consumer/assets/infographic/facts-tips/EmergencyCare_Tip1.png'><p>If you do not have a regular doctor and you're not sure whether the situation is a true emergency, call 911. Let the call-taker determine whether you need emergency help.</p><p class='tip__source'>  <a href=""http://www.911.gov/whentocall911.html"" target=""_blank""></a> </p></div><div class='infographic__tip'><img class='tip__icon' src='themes/consumer/assets/infographic/facts-tips/EmergencyCare_TIp2.png'><p>Put these numbers in your phone:</p><p>*An emergency contact</p><p>*Your doctor</p><p>*The closest emergency department</p><p>*Nurse telephone advice line</p><p>*Urgent care clinic or walk-in clinic</p><p class='tip__source'>  <a href=""https://www.nlm.nih.gov/medlineplus/ency/patientinstructions/000593.htm"" target=""_blank""></a> </p></div>",topics/emergency-dept.png,"If you are not sure what to do, and you don't have one of the serious conditions listed above, call your doctor. If the office is not open, your phone call may be forwarded to someone. Describe your symptoms to the doctor who answers your call, and find out what you should do. Treatment in an emergency department can cost 2 to 3 times more than the same care in your doctor's office.",themes/consumer/assets/infographic/facts-tips/EmergencyCare_Fact1.png,"<a href=""https://www.nlm.nih.gov/medlineplus/ency/patientinstructions/000593.htm"" target=""_blank"">When to use the emergency room - adult: MedlinePlus Medical Encyclopedia</a>","Once you arrive at an emergency room, you will be immediately evaluated. Life- or limb-threatening health problems will be treated first. People with less serious problems may have to wait. ",themes/consumer/assets/infographic/facts-tips/EmergencyCare_Fact2.png,"<a href=""https://www.nlm.nih.gov/medlineplus/ency/article/001927.htm"" target=""_blank"">Recognizing medical emergencies: MedlinePlus Medical Encyclopedia</a>",,,
Emergency department (ED),Waiting Times,Ratings about how quickly patients receive care in the Emergency Department (ED). Reducing the time patients remain in the emergency department can increase the availability of treatment and improve the care that patients receive.,,Ratings about how quickly patients receive care in the Emergency Department (ED). Reducing the time patients remain in the emergency department can increase the availability of treatment and improve the care that patients receive.,,,,,,,,,,,,,
Heart attack and chest pain,,,Ratings about heart attack care. A heart attack (also called an AMI or an acute myocardial infarction) happens when the arteries leading to the heart become blocked and the blood supply is slowed or stops.,,"Most heart attacks happen when a clot stops blood and oxygen from reaching the heart. Heart attack symptoms can be different for men and women. They can include chest pressure, squeezing, or pain; shortness of breath; discomfort in the arms, shoulder, neck, or back; nausea, vomiting, dizziness, lightheadedness, and sweating. If you think you might be having a heart attack,  call 9-1-1.",Topic,"<div class='infographic__tip'><img class='tip__icon' src='themes/consumer/assets/infographic/facts-tips/HeartAttack_Tip1.png'><p>If you think you might be having a heart attack (even if you're not sure), call 9-1-1 immediately. Don't wait!</p><p class='tip__source'>  <a href=""http://www.nhlbi.nih.gov/files/docs/public/heart/heart_attack_fs_en.pdf"" target=""_blank""></a> </p></div><div class='infographic__tip'><img class='tip__icon' src='themes/consumer/assets/infographic/facts-tips/HeartAttack_Tip2.png'><p>Women should seek medical attention for symptoms like fatigue, shortness of breath, and mild chest pain.</p><p class='tip__source'> <a href=""http://www.nhlbi.nih.gov/health/health-topics/topics/hdw/signs"" target=""_blank""></a></p></div><div class='infographic__tip'><img class='tip__icon' src='themes/consumer/assets/infographic/facts-tips/HeartAttack_Tip3.png'><p>Talk to your doctor about your risk for a heart attack if you smoke, are overweight, don't exercise regularly, or if you have high blood pressure, high cholesterol, or diabetes.</p><p class='tip__source'> <a href="" http://www.nhlbi.nih.gov/files/docs/public/heart/heart_attack_fs_en.pdf?_sm_au_=iVV3q5tsDJ2vN6Nj"" target=""_blank""></a></p></div>",topics/heart-attack.png,Each year more than a million people in the U.S. have a heart attack. About half of them die.,themes/consumer/assets/infographic/facts-tips/HeartAttack_Fact1.png,"<a href=""https://www.nlm.nih.gov/medlineplus/heartattack.html"" target=""_blank"">Heart Attack: MedlinePlus</a>",The single most important thing you can do to save a life is call 9-1-1 immediately for emergency medical care.,themes/consumer/assets/infographic/facts-tips/HeartAttack_Fact2.png,"<a href=""http://www.nhlbi.nih.gov/files/docs/public/heart/heart_attack_fs_en.pdf"" target=""_blank"">Don't Take a Chance With a Heart Attack: Know the Facts and Act Fast</a>","Not all heart attacks begin with sudden, crushing chest pain. The signs of a heart attack are different for everyone, and can change from attack to attack for one person.",themes/consumer/assets/infographic/facts-tips/HeartAttack_Fact3.png,"<a href=""http://www.nhlbi.nih.gov/health/health-topics/topics/heartattack"" target=""_blank"">What Is a Heart Attack? - NHLBI, NIH</a>"
Heart attack and chest pain,Recommended care - Inpatient,"Information on how many patients got the care they needed such as the right medicine, surgery, or advice. These ratings are sometimes called process measures.",,"Information on how many patients got the care they needed such as the right medicine, surgery, or advice. These ratings are sometimes called process measures.",,,,,,,,,,,,,
Heart attack and chest pain,Recommended care - Outpatient,"Information on how many patients got the care they needed such as the right medicine, surgery, or advice. These ratings are sometimes called process measures.",,"Information on how many patients got the care they needed such as the right medicine, surgery, or advice. These ratings are sometimes called process measures.",,,,,,,,,,,,,
Heart attack and chest pain,Results of care,Information on what happened to patients while being cared for in the hospital or after leaving the hospital. These ratings are sometimes called outcome measures.,,Information on what happened to patients while being cared for in the hospital or after leaving the hospital. These ratings are sometimes called outcome measures.,,,"<UL> <LI> Before leaving the hospital, ask your doctor how to care for your surgical incisions, recognize signs of infection or other problems, and deal with the after-effects of surgery. </LI> <LI>Ask for information about follow-up appointments, medicines, and situations when you should call your doctor right away.</LI> <LI>Ask your doctor if cardiac rehab could help improve your health and well-being. Cardiac rehab includes exercise training, education on heart healthy living, and counseling to reduce stress and help you recover. Your doctor can help you find a nearby cardiac rehab program.</LI>  </UL>",,,,,,,,,,
Heart failure,,,Ratings about care for heart failure.  Heart failure or congestive heart failure is a weakening of the heart's pumping power that prevents the body from getting enough oxygen and nutrients to meet its needs.,,"Heart failure happens when the heart can't pump enough blood through the body. Heart failure does not mean that your heart has stopped or is about to stop working. The weakening of the heart's pumping ability causes blood and fluid to back up into the lungs and build up in the feet, ankles and legs. You may feel tired and short of breath.",Topic,"<div class='infographic__tip'><img class='tip__icon' src='themes/consumer/assets/infographic/facts-tips/HeartFailure_Tip1.png'><p>If you have heart failure, make heart-healthy lifestyle changes like eating healthy, keeping a healthy weight, exercise, and quitting smoking</p><p class='tip__source'><a href=""http://www.nhlbi.nih.gov/health/health-topics/topics/hf/treatment"" target=""_blank""></a> </p></div><div class='infographic__tip'><img class='tip__icon' src='themes/consumer/assets/infographic/facts-tips/HeartFailure_Tip2.png'><p>Gaining weight due to fluids building up in your body may be a sign that heart failure is getting worse. Talk to your doctor about checking your weight and when to report weight changes.</p><p class='tip__source'><a href=""http://www.nhlbi.nih.gov/health/health-topics/topics/hf/treatment"" target=""_blank""></a> </p></div><div class='infographic__tip'><img class='tip__icon' src='themes/consumer/assets/infographic/facts-tips/HeartFailure_Tip3.png'><p>Following your treatment plan can lessen your symptoms, make daily activities easier, and reduce the chance that you'll have to go to the hospital.</p><p class='tip__source'><a href=""http://www.nhlbi.nih.gov/health/health-topics/topics/hf/livingwith"" target=""_blank""></a> </p></div>",topics/heart-failure.png,"5 million people in the U.S. have heart failure. The condition causes 300,000 deaths each year.",themes/consumer/assets/infographic/facts-tips/HeartFailure_Fact1.png,"<a href=""http://nihseniorhealth.gov/heartfailure/heartfailuredefined/01.html"" target=""_blank"">NIHSeniorHealth: Heart Failure - What is Heart Failure?</a>",Heart failure is most common in people 65 years and older. It is the number one reason older people go to the hospital.,themes/consumer/assets/infographic/facts-tips/HeartFailure_Fact2.png,"<a href=""http://nihseniorhealth.gov/heartfailure/heartfailuredefined/01.html"" target=""_blank"">NIHSeniorHealth: Heart Failure - What is Heart Failure?</a>",,,
Heart failure,Recommended care,"Information on how many patients got the care they needed such as the right medicine, surgery, or advice. These ratings are sometimes called process measures.",,"Information on how many patients got the care they needed such as the right medicine, surgery, or advice. These ratings are sometimes called process measures.",,,,,,,,,,,,,
Heart failure,Results of care,Information on what happened to patients while being cared for in the hospital or after leaving the hospital. These ratings are sometimes called outcome measures.,,Information on what happened to patients while being cared for in the hospital or after leaving the hospital. These ratings are sometimes called outcome measures.,,,,,,,,,,,,,
Heart surgeries and procedures,Recommended care,"Information on how many patients got the care they needed such as the right medicine, surgery, or advice. These ratings are sometimes called process measures.",,"Information on how many patients got the care they needed such as the right medicine, surgery, or advice. These ratings are sometimes called process measures.",,,,topics/heart-surgeries.png,,,,,,,,,
Heart surgeries and procedures,Results of care,Information on what happened to patients while being cared for in the hospital or after leaving the hospital. These ratings are sometimes called outcome measures.,,Information on what happened to patients while being cared for in the hospital or after leaving the hospital. These ratings are sometimes called outcome measures.,,,,,,,,,,,,,
Hip or knee replacement surgery,,,"Ratings about surgery to replace the hip or knee joint in people who have severe, on-going joint pain that makes it difficult to carry on with normal daily activities. Total joint (hip or knee) replacement is a surgery to replace the ends of both bones in a damaged joint to create new joint surfaces.",,"Hip or knee replacement surgery can relieve pain and improve walking for people with severe joint damage. During the operation, damaged cartilage and bone are removed and replaced with new, man-made parts. 
Physical therapy can begin the day after surgery to help strengthen the muscles around the new joint and help you regain motion in the joint.
The most common problem after hip replacement surgery is hip dislocation. Because a man-made hip is smaller than the original joint, the ball can come out of its socket. Both hip and knee surgeries can also cause blood clots and infections.
",,"<div class='infographic__tip'><img class='tip__icon' src='themes/consumer/assets/infographic/facts-tips/HipReplacement_Tip2.png'><p>To help prevent blood clots from forming, you need to wear special compression socks or take blood thinners.  Take all your medicines the way your doctor told you to.</p><p class='tip__source'><a href=""Based on text in Self-care section: https://www.nlm.nih.gov/medlineplus/ency/patientinstructions/000169.htm"" target=""_blank""></a></p></div><div class='infographic__tip'><img class='tip__icon' src='themes/consumer/assets/infographic/facts-tips/HipReplacement_Tip3.png'><p>The ball of your new hip can come out of its socket if you put it in certain positions. Try to avoid pulling your knees up to your chest, crossing your legs, or bending your hips farther than a right angle.</p><p class='tip__source'> <a href=""http://nihseniorhealth.gov/hipreplacement/possiblecomplications/01.html"" target=""_blank""></a> </p></div>",topics/hip-replacement.png,"According to the CDC, 332,000 total hip replacements are performed in the U.S. each year.",themes/consumer/assets/infographic/facts-tips/HipReplacement_Fact1.png," <a href=""http://www.niams.nih.gov/Health_Info/Hip_Replacement/default.asp#how"" target=""_blank"">Questions and Answers about Hip Replacement</a>","Blood clot warning signs include tenderness; redness and swelling of your calf; or swelling of your thigh, ankle, or foot.",themes/consumer/assets/infographic/facts-tips/HipReplace_Fact2.png," <a href=""http://www.niams.nih.gov/health_info/joint_replacement/"" target=""_blank"">Joint Replacement Surgery: Health Information Basics for You and Your Family</a>",,,
Hip or knee replacement surgery,Results of care,Information on what happened to patients while being cared for in the hospital or after leaving the hospital. These ratings are sometimes called outcome measures.,,Information on what happened to patients while being cared for in the hospital or after leaving the hospital. These ratings are sometimes called outcome measures.,,,,,,,,,,,,,
Imaging,,,"Ratings about imaging procedures including magnetic resonance imaging (MRI), mammography, and computerized axial tomography (CAT scans).",,"Diagnostic imaging lets doctors look inside your body for clues about a medical condition. Different machines and techniques can create pictures of the inside of your body. The type of imaging your doctor uses depends on your symptoms and the part of your body being examined. They include:
<br>*X-rays
<br>*CT scans
<br>*Nuclear medicine scans
<br>*MRI scans
<br>*Ultrasound
<br>Many imaging tests are painless and easy. Some require you to stay still for a long time inside a machine which can be uncomfortable. Some may expose you to a small amount of radiation. 
During some tests you receive a contrast dye, which makes parts of your body show up better in the image.
",,"<div class='infographic__tip'><img class='tip__icon' src='themes/consumer/assets/infographic/facts-tips/Imaging_TIp1.png'><p>Tell the medical staff immediately if you experience any reactions to dye used in imaging.</p><p class='tip__source'><a href=""http://www.cancer.gov/about-cancer/diagnosis-staging/ct-scans-fact-sheet"" target=""_blank""></a></p></div><div class='infographic__tip'><img class='tip__icon' src='themes/consumer/assets/infographic/facts-tips/Imaging_Tip2.png'><p>Magnetic resonance imaging (MRI) uses a large magnet. Before you get a scan, tell your doctor if you:<p>*Are pregnant</p><p>*Have pieces of metal in your body (if you have a shrapnel or bullet injury or if you are a welder)</p><p>*Have metal or electronic devices in your body, such as a pacemaker or artificial joint </p></p><p class='tip__source'><a href=""https://www.nlm.nih.gov/medlineplus/mriscans.html"" target=""_blank""></a></p></div>",topics/imaging.png,"In most cases an MRI scan is not necessary when low back pain first starts unless your doctor recommends it. An MRI scan is needed if the pain last longer than 3 to 6 weeks or if your doctor feels there may be a need for surgery. Because most low back pain goes away on its own, getting an MRI scan too early may create confusion for the patient and the doctor.",themes/consumer/assets/infographic/facts-tips/Imaging_Fact1.png,"<a href=""http://www.niams.nih.gov/Health_Info/Back_Pain/default.asp"" target=""_blank"">Handout on Health Back Pain</a>","In very rare cases, the dye used in CT can cause allergic reactions. Some people experience mild itching or hives (small bumps on the skin). Symptoms of a more serious allergic reaction include shortness of breath and swelling of the throat or other parts of the body.",themes/consumer/assets/infographic/facts-tips/Imaging_Fact2.png,"<a href=""http://www.cancer.gov/about-cancer/diagnosis-staging/ct-scans-fact-sheet"" target=""_blank"">Computed Tomography (CT) Scans and Cancer Fact Sheet - National Cancer Institute</a>",,,
Imaging,Practice patterns,"Information on how many patients got the care they needed such as the right medicine, surgery, or advice.",,"Information on how many patients got the care they needed such as the right medicine, surgery, or advice.",,,,,,,,,,,,,
Infections acquired in the hospital,,,"Ratings about health care associated infections, or HAIs. Health care-associated infections  are infections that people acquire while they are receiving treatment for another condition in a health care setting. HAIs can be acquired anywhere health care is delivered, including  hospitals, clinics, or nursing homes. HAIs may be caused by a bacteria or virus.",,"Every day, patients get infections in healthcare facilities while they are being treated for something else. Healthcare procedures can leave you exposed to germs that cause healthcare acquired infections. These germs can be spread from patient to patient on unclean hands of healthcare workers or through unclean equipment. Healthcare acquired infections can have devastating emotional, financial, and medical effects, and can even be deadly. Hospitals have policies in place to reduce the changes of patients getting infections. These include making sure staff wash their hands, and giving flu shots to patients who need them.",,"<div class='infographic__tip'><img class='tip__icon' src='themes/consumer/assets/infographic/facts-tips/Infectionsacquiredinthehospital_Tip1.png'><p>If you have a catheter in your bladder, ask each day if it is necessary.</p><p class='tip__source'> <a href=""http://www.cdc.gov/HAI/patientSafety/patient-safety.html "" target=""_blank""></a> </p></div><div class='infographic__tip'><img class='tip__icon' src='themes/consumer/assets/infographic/facts-tips/Infectionsacquiredinthehospital_Tip2.png'><p>Ask your doctor how he/she prevents infections where the cut for your surgery will be made. Also ask how you can prepare for surgery to reduce your risk of getting an infection.</p><p class='tip__source'><a href=""http://www.cdc.gov/HAI/patientSafety/patient-safety.html"" target=""_blank""></a> </p></div><div class='infographic__tip'><img class='tip__icon' src='themes/consumer/assets/infographic/facts-tips/Infectionsacquiredinthehospital_Tip3.png'><p>Be sure everyone cleans their hands before touching you.</p><p class='tip__source'><a href=""http://www.cdc.gov/HAI/patientSafety/patient-safety.html  See CDC's generic infographic on this page."" target=""_blank""></a> </p></div>",topics/infections.png,"On any given day, about 1 in 25 hospital patients has at least one infection they got from receiving treatment. ",themes/consumer/assets/infographic/facts-tips/Infectionsacquiredinthehospital_Fact1.png,"<a href=""http://www.cdc.gov/HAI/surveillance/index.html"" target=""_blank"">HAI Data and Statistics</a>","There were an estimated 722,000 healthcare acquired infections in U.S hospitals in 2011. About 75,000 patients with such infections died while in the hospital.",themes/consumer/assets/infographic/facts-tips/Infectionsacquiredinthehospital_Fact2.png,"<a href=""http://www.cdc.gov/HAI/surveillance/index.html"" target=""_blank"">HAI Data and Statistics</a>",,,
Infections acquired in the hospital,Infections resulting from hospital care,"Health care-associated infections  are infections that people acquire while they are receiving treatment for another condition in a health care setting. HAIs can be acquired anywhere health care is delivered, including  hospitals, clinics, or nursing homes. HAIs may be caused by a bacteria or virus. A high number of health care associated infections may mean the hospital is not doing a good job at preventing infections.",,"Health care-associated infections  are infections that people acquire while they are receiving treatment for another condition in a health care setting. HAIs can be acquired anywhere health care is delivered, including  hospitals, clinics, or nursing homes. HAIs may be caused by a bacteria or virus. A high number of health care associated infections may mean the hospital is not doing a good job at preventing infections.",,,,,,,,,,,,,
Surgeries for Specific Health Conditions,,,Ratings about surgeries other than heart surgery such as brain surgery (craniotomy) and hip replacement surgery.Brain surgery (craniotomy) and hip replacement are examples of other surgeries.,,"There are many reasons to have surgery. Some operations can relieve or prevent pain. Others can reduce a symptom of a problem or improve some body function. 
After surgery there can be a risk of complications, including infection, too much bleeding, reaction to anesthesia, or accidental injury. There is almost always some pain with surgery.",,"<div class='infographic__tip'><img class='tip__icon' src='themes/consumer/assets/infographic/facts-tips/SurgeriesforSpecificHealthConditions_Tip1.png'><p>No surgery is risk free. It is important to learn about the possible benefits and risks involved in the surgical procedure you are about to have. Research has shown that patients who are informed about their procedure can better work with their doctors to make the right decisions.</p><p class='tip__source'><a href=""http://archive.ahrq.gov/patients-consumers/diagnosis-treatment/surgery/tips/tipsurgery.html"" target=""_blank""> </a> </p></div>",topics/other-surgeries.png,Some operations that once needed large incisions (cuts in the body) can now be done using much smaller cuts. This is called laparoscopic surgery.,themes/consumer/assets/infographic/facts-tips/SurgeriesforSpecificHealthConditions_Fact1.png,"<a href=""https://www.nlm.nih.gov/medlineplus/surgery.html"" target=""_blank"">Surgery: MedlinePlus</a>",,,,,,
Surgeries for Specific Health Conditions,Practice patterns,Information on the types of care provided in the hospital. This type of quality rating often shows information about the numbers of surgeries or procedures that a hospital performs.,,Information on the types of care provided in the hospital. This type of quality rating often shows information about the numbers of surgeries or procedures that a hospital performs.,,,,,,,,,,,,,
Surgeries for Specific Health Conditions,Results of Care – Deaths,Information on what happened to patients while being cared for in the hospital or after leaving the hospital. These ratings are sometimes called outcome measures.,,Information on what happened to patients while being cared for in the hospital or after leaving the hospital. These ratings are sometimes called outcome measures.,,,,,,,,,,,,,
Surgeries for Specific Health Conditions,Recommended care,"Information on how many patients got the care they needed such as the right medicine, surgery, or advice. These ratings are sometimes called process measures.",,"Information on how many patients got the care they needed such as the right medicine, surgery, or advice. These ratings are sometimes called process measures.",,,,,,,,,,,,,
Pneumonia,,,"Ratings about pneumonia care.  Pneumonia is a serious lung infection that can cause difficulty breathing, fever, cough, and fatigue.",,"Pneumonia is an infection in the lungs. You can get pneumonia from bacteria, viruses, and fungi, or by inhaling a liquid or chemical. 
If you are treated in the hospital, you will receive:
*Fluids and antibiotics through an IV
*Oxygen therapy (having to wear an oxygen mask or nasal prongs for extra oxygen)
*Medical treatment for breathing 
If you are treated at home, your doctor may tell you to take antibiotics.",Topic,"<div class='infographic__tip'><img class='tip__icon' src='themes/consumer/assets/infographic/facts-tips/Pneumonia_Tip1.png'><p>Get vaccinated. Flu vaccine can help prevent pneumonia caused by the flu virus. Pneumococcal vaccine lowers your chances of getting pneumonia from bacteria.</p><p class='tip__source'><a href=""https://www.nlm.nih.gov/medlineplus/ency/article/000145.htm"" target=""_blank""></a> </p></div><div class='infographic__tip'><img class='tip__icon' src='themes/consumer/assets/infographic/facts-tips/Pneumonia_Tip2.png'><p>Do not miss any antibiotic doses. Take the medicine until it is gone, even when you start to feel better. Do not take cough medicine or cold medicine without talking to your doctor. Coughing helps your body get rid of mucus in your lungs.</p><p class='tip__source'> <a href=""https://www.nlm.nih.gov/medlineplus/ency/article/000145.htm"" target=""_blank""></a></p></div>",topics/pneumonia.png,"If your pneumonia comes from bacteria, you need to take antibiotics immediately. If you have viral pneumonia, you will not receive antibiotics because antibiotics do not kill viruses. You may receive other medicines, such as antivirals.",themes/consumer/assets/infographic/facts-tips/Pneumonia_Fact1.png,"<a href=""https://www.nlm.nih.gov/medlineplus/pneumonia.html"" target=""_blank"">Pneumonia: MedlinePlus</a><a href=""https://www.nlm.nih.gov/medlineplus/ency/article/000145.htm"" target=""_blank"">Pneumonia - adults (community acquired): MedlinePlus Medical Encyclopedia</a>","You are more likely to get pneumonia if you smoke or have other medical conditions, such as diabetes or heart disease. You can lower your risk by taking care of your medical problems, and quitting smoking.",themes/consumer/assets/infographic/facts-tips/Pneumonia_Fact2.png,"<a href=""http://www.cdc.gov/pneumonia/index.html"" target=""_blank"">Pneumonia | Home | CDC</a>",,,
Pneumonia,Recommended care,"Information on how many patients got the care they needed such as the right medicine, surgery, or advice. These ratings are sometimes called process measures.",,"Information on how many patients got the care they needed such as the right medicine, surgery, or advice. These ratings are sometimes called process measures.",,,,,,,,,,,,,
Pneumonia,Results of care,Information on what happened to patients while being cared for in the hospital or after leaving the hospital. These ratings are sometimes called outcome measures.,,Information on what happened to patients while being cared for in the hospital or after leaving the hospital. These ratings are sometimes called outcome measures.,,,,,,,,,,,,,
Stroke,,,"Ratings about stroke care.  A stroke happens when the blood supply to the brain stops. This topic includes carotid endarterectomy surgery, an operation intended to prevent stroke.",,"A stroke is a medical emergency. Strokes happen when blood flow to your brain stops. Within minutes, brain cells begin to die. There are two kinds of stroke: those caused by a blocked blood vessel in the brain, and those caused by bleeding in the brain. 
Someone having a stroke may suddenly feel:
*Numbness or weakness of the face, arm or leg (especially on one side of the body)
*Confusion, trouble speaking or understanding speech
*Trouble seeing in one or both eyes
*Trouble walking, dizziness, loss of balance or coordination
*Severe headache with no known cause
If you have any of these symptoms, you must get to a hospital quickly to begin treatment.",Topic,"<div class='infographic__tip'><img class='tip__icon' src='themes/consumer/assets/infographic/facts-tips/Stroke_Tip1.png'><p>Because stroke injures the brain, you may not realize that you are having a stroke. To a bystander, someone having a stroke may just look unaware or confused. Stroke victims have the best chance if someone around them recognizes the symptoms and acts quickly.</p><p class='tip__source'><a href=""https://www.nlm.nih.gov/medlineplus/magazine/issues/spring13/articles/spring13pg4.html"" target=""_blank""></a></p></div><div class='infographic__tip'><img class='tip__icon' src='themes/consumer/assets/infographic/facts-tips/Stroke_Tip2.png'><p>The key symptoms of stroke are FAST: <p>*Face (weakness or drooping in the face)</p><p>*Arm (weakness or numbness in one or both arms)</p><p>*Speech (slurring or difficulty speaking)</p><p>*Time (every minute counts)</p></p><p class='tip__source'><a href=""http://www.uptodate.com/contents/stroke-symptoms-and-diagnosis-beyond-the-basics"" target=""_blank""></a></p>
</div>",topics/stroke.png,"If you have a stroke caused by a blood clot, you may be given a clot-dissolving, or clot-busting, medication. A doctor will inject the medication into a vein in your arm. This type of medication must be given within 4 hours of first symptoms.",themes/consumer/assets/infographic/facts-tips/Stroke_Fact1.png,"<a href=""http://www.nhlbi.nih.gov/health/health-topics/topics/stroke/treatment"" target=""_blank"">How Is a Stroke Treated? - NHLBI, NIH</a>","If you have a stroke caused by bleeding in the brain, the first step is to find the cause of the bleeding and to stop it, which might require surgery. If high blood pressure is the cause of the bleeding, your doctor may prescribe medicines to lower your blood pressure. This can help prevent further bleeding.",themes/consumer/assets/infographic/facts-tips/Stroke_Fact2.png,"<a href=""https://www.nhlbi.nih.gov/health/health-topics/topics/stroke/treatment"" target=""_blank"">How Is a Stroke Treated? - NHLBI, NIH</a>","Stroke is the fifth leading cause of death in the United States, killing nearly 130,000 Americans each year--that's 1 of every 20 deaths.",themes/consumer/assets/infographic/facts-tips/Stroke_Fact3.png,"<a href=""http://www.cdc.gov/dhdsp/data_statistics/fact_sheets/fs_stroke.htm"" target=""_blank"">Stroke Fact Sheet|Data &amp; Statistics|DHDSP|CDC</a>"
Stroke,Results of care,Information on what happened to patients while being cared for in the hospital or after leaving the hospital. These ratings are sometimes called outcome measures.,,Information on what happened to patients while being cared for in the hospital or after leaving the hospital. These ratings are sometimes called outcome measures.,,,,,,,,,,,,,
Combined Quality and Safety Ratings,,,Measures that combine more than one measure into one score.Composite measures provide a summary of quality or performance.,,"The Patient Safety Indicators (PSIs) are a set of indicators providing information on potential complications following surgeries, medical procedures, and childbirth. Summary Scores combine measures of hospitals' performance on several of these indicators, such as how often patients die from one of six common conditions, or how often patients have one of 11 common safety problems in the hospital. ",,,topics/SummaryScores.png,,,,,,,,,
Combined Quality and Safety Ratings,Deaths,"Summary score that combines more than one rating related to the number of patients who die in the hospital into one score, including death as a result of medical conditions or major surgeries.",,"Summary score that combines more than one rating related to the number of patients who die in the hospital into one score, including death as a result of medical conditions or major surgeries.",,,,,,,,,,,,,
Combined Quality and Safety Ratings,Patient safety,Summary score that combine more than one rating related to how well the hospital keeps patients safe into one score.,,Summary score that combine more than one rating related to how well the hospital keeps patients safe into one score.,,,,,,,,,,,,,
Surgical patient safety,,,"Many health conditions are treated using surgery. About 3 out of 10 hospital stays involve a surgery. Surgical safety problems are mistakes or complications that happen as a result of what hospital staff (e.g., doctors, nurses, technicians) do and do not do before, during and after surgery.",,"Many health conditions are treated using surgery. About 3 out of 10 hospital stays involve a surgery. Surgical safety problems are mistakes or complications that happen as a result of what hospital staff (e.g., doctors, nurses, technicians) do and do not do before, during and after surgery.",,"<div class='infographic__tip'><img class='tip__icon' src='themes/consumer/assets/infographic/facts-tips/SurgicalSafety_Tip1.png'><p>Do your homework. Understand there are ways to keep patients safe during surgery, and these actions should be taken with every patient, for every surgery.</p></div><p class='tip__source'><div class='infographic__tip'><img class='tip__icon' src='themes/consumer/assets/infographic/facts-tips/SurgicalSafety_Tip2.png'><p>Talk about your safety. Ask your doctor to use the World Health Organization Safe Surgery Checklist which is proven to reduce the risk of death and complications from surgery.</p><p class='tip__source'> </p></div><p class='tip__source'><div class='infographic__tip'><img class='tip__icon' src='themes/consumer/assets/infographic/facts-tips/SurgicalSafety_Tip3.png'><p>Have a team on your side.Bring someone with you to ask questions and listen when you see your doctor or are in the hospital</p><p class='tip__source'> </p></div>",topics/surgical-safety.png,"Each year in the United States about 85,000 patients develop an infection at their surgical site",themes/consumer/assets/infographic/facts-tips/SurgicalSafety_Fact1.png,,"Each year in the United States about 70,000 patients accidentally get cut or have a hole poked in an organ that was not part of the surgery",themes/consumer/assets/infographic/facts-tips/SurgicalSafety_Fact2.png,,,,
Surgical patient safety,Recommended care before surgery,"Information on how many patients got the care they needed such as the right medicine, surgery, or advice before a surgery.",,"Information on how many patients got the care they needed such as the right medicine, surgery, or advice before a surgery.",,,,,,,,,,,,,
Surgical patient safety,Recommended care after surgery,"Information on how many patients got the care they needed such as the right medicine, surgery, or advice after a surgery.",,"Information on how many patients got the care they needed such as the right medicine, surgery, or advice after a surgery.",,,,,,,,,,,,,
Surgical patient safety,Results of care,Information on what happened to patients while being cared for in the hospital or after leaving the hospital. These ratings are sometimes called outcome measures.,,Information on what happened to patients while being cared for in the hospital or after leaving the hospital. These ratings are sometimes called outcome measures.,,,,,,,,,,,,,
Women health,,,,,,,,,,,,,,,,,
Women health,Women health,,,,,,,,,,,,,,,,
Nursing Home,,,,,,,,,,,,,,,,,
Health Care Cost and Quality,,,Displays the number of treated patients and the average cost to a hospital for a procedure alongside the hospitals quality ratings,,"Health care quality is:
<br>*Doing the right thing (getting the medicines, tests, and help you need),
<br>*Doing it at the right time (when you need them), and
<br>*Doing it the right way (with your doctor using the best methods).
<br>Many things affect the cost of health care. Higher costs do not necessarily mean that a provider is offering higher-quality care. You can find a provider who offers high quality care at an affordable cost. Seeing cost and quality information side by side can help people make an informed choice.",,<div class='infographic__tip'><img class='tip__icon' src='themes/consumer/assets/infographic/facts-tips/Healthcare_Tip1.png'><p>Use information about cost and quality to decide which hospital will provide high-quality care at a reasonable cost.</p><p class='tip__source'>  <a href='JS'> </a> </p></div><div class='infographic__tip'><img class='tip__icon' src='themes/consumer/assets/infographic/facts-tips/Healthcare_Tip2.png'><p>Looking at the costs of care can help you see whether a hospital charges more or less than others in your area. </p><p class='tip__source'>  <a href='JS'> </a> </p></div>,topics/cost-quality.png,"Higher cost health care is not necessarily better care. In fact, higher costs may mean that too many services are being provided, which can increase the risk to you, the patient.",themes/consumer/assets/infographic/facts-tips/Healthcare_Fact1.png,,,,,,,
Medical Practice Ratings,,,,,,,,,,,,,,,,,
Medical Practice Ratings,Adult Surveys,The ratings below are based on information from the Clinician & Group CAHPS Adult Survey (CG-CAHPS) which asks patients 18 years of age or older about their health care experiences.,,The ratings below are based on information from the Clinician & Group CAHPS Adult Survey (CG-CAHPS) which asks patients 18 years of age or older about their health care experiences.,,,,,,,,,,,,,
Medical Practice Ratings,Child Surveys,The ratings below are based on information from the Clinician & Group CAHPS Child Survey (CG-CAHPS) which asks parents or guardians about the health care experiences of children 17 years of age or younger.,,The ratings below are based on information from the Clinician & Group CAHPS Child Survey (CG-CAHPS) which asks parents or guardians about the health care experiences of children 17 years of age or younger.,,,,,,,,,,,,,
